modelo,balanceo,AUC,F1_macro,Recall_alto,Balanced_acc,Accuracy,ranking_en_modelo,elegido
Regresión logística,Sin balanceo,0.8911657383083597,0.6721984510669076,0.3185613926787557,0.6544868064498482,0.7677028348688046,1,✅ mejor para este modelo
Regresión logística,class_weight,0.8842264535742248,0.6617263970629587,0.7567804938786816,0.7195520824808247,0.7082241074561096,3,
Regresión logística,RUS,0.8824432860003187,0.66286783884406,0.7567952740509019,0.7204008841420966,0.7092974316659024,5,
Regresión logística,ROS,0.8841618285652894,0.6614229372052228,0.7576717653618895,0.7195475645198387,0.7079453202362295,4,
Regresión logística,SMOTE,0.8839104158732217,0.6636552886263675,0.7441544315296756,0.7187687977279787,0.7114162105732861,2,
KNN,Sin balanceo,0.8593593304271173,0.6299046023628355,0.24994322598147398,0.6125401847097774,0.7344159178081756,1,✅ mejor para este modelo
KNN,RUS,0.8420927097654003,0.6239856272428126,0.6869293419655927,0.6726168124542201,0.6684694735513613,3,
KNN,ROS,0.8449541823734633,0.6253788988903161,0.6831571524639629,0.6750216567558395,0.6729996822285716,2,
KNN,SMOTE,0.8399636972823226,0.5858951341309293,0.7998627645558224,0.6654221251765238,0.6213827511522686,4,
Random Forest,Sin balanceo,0.9057673155631982,0.6971326324607078,0.35769276948803896,0.6773333762625892,0.785071076751521,1,✅ mejor para este modelo
Random Forest,class_weight,0.9025770050854701,0.7134271420998198,0.6830931273347889,0.7421258497093928,0.7623919493468573,4,
Random Forest,RUS,0.8928209177309595,0.6889040069469291,0.7545650577893586,0.7387449340917196,0.7341928929286136,5,
Random Forest,ROS,0.9037843035254816,0.7191810871507452,0.6230596080728134,0.7339450120266577,0.7714803516272548,2,
Random Forest,SMOTE,0.902529971615906,0.7148732624451632,0.6306307839179289,0.7334255594851632,0.7683161436697858,3,
HistGradientBoosting,Sin balanceo,0.9085442067298475,0.7097780297049588,0.4185284123704018,0.6934505115909212,0.786186211058595,1,✅ mejor para este modelo
HistGradientBoosting,class_weight,0.9044681840137497,0.7043186739436461,0.7351487622629721,0.7470150958329022,0.7516587358109241,4,
HistGradientBoosting,RUS,0.8960158825777896,0.6895524632154361,0.757601070917041,0.7405172497857461,0.7355310532810456,5,
HistGradientBoosting,ROS,0.9047240957337506,0.7040221540542516,0.7220421316165607,0.7445090600369147,0.7527320454482705,3,
HistGradientBoosting,SMOTE,0.9071440976774218,0.7154799687538268,0.5630212954755889,0.7216233531124806,0.7753693790767926,2,
