genero,canciones_test,popularidad_media,MAE,sesgo_medio
gospel,195,41.65128205128205,2.5960299350643843,0.4263133748810027
iranian,188,2.0904255319148937,2.8838651632373375,-0.9181022809202626
forro,200,41.6675,2.9215027258928865,0.4694930271663408
grindcore,213,14.535211267605634,3.0638302906455674,-0.870277583221207
samba,207,38.432367149758456,3.4439648734233184,0.23357404434306808
sertanejo,181,47.853591160220994,3.4496263083457857,0.43583250762519543
tango,194,20.123711340206185,3.5590634325797534,-0.5363688054001483
comedy,185,24.513513513513512,3.7273504519932246,-0.6630755488477015
brazil,189,45.17724867724868,4.217948452360663,0.6700966753199278
mpb,183,41.03825136612022,4.238554884924307,0.30241567972173744
turkish,182,40.18131868131868,4.928769211904011,-0.2482791980161184
romance,166,3.8493975903614457,5.0749303667376,-0.49449472575981385
bluegrass,213,25.666666666666668,5.190007820126248,-0.8001355113456264
pop-film,193,58.4559585492228,5.321560714858684,0.2764558474585591
heavy-metal,209,25.842105263157894,5.338113865573672,-1.1704252435134592
detroit-techno,227,10.634361233480176,5.650187664268609,-1.2148359171266505
chicago-house,203,11.901477832512315,5.845076114963888,-0.9601683541372188
black-metal,206,22.461165048543688,5.913032546979046,-0.2563322526993077
salsa,196,28.6734693877551,5.970546907612504,0.23140333859836668
honky-tonk,205,16.590243902439024,6.096364186540059,-0.11550230864881328
ska,215,34.72558139534884,6.141453611044741,-1.504077287333394
happy,209,22.44736842105263,6.272430736688623,-0.23453295952546416
j-idol,210,25.85952380952381,6.547166430882578,0.4020636322383352
world-music,183,41.69398907103825,6.801852865854452,0.36504365505776126
kids,198,14.676767676767676,6.899217600525712,-1.0304514683085952
pagode,222,41.88288288288288,6.916659748830252,-1.8926381838898043
sad,195,53.741025641025644,7.068884533492382,1.9635293267757625
afrobeat,178,24.241573033707866,7.215070562956288,-1.1586762670611146
j-dance,173,27.69364161849711,7.746838963799417,1.1170871424305888
k-pop,195,56.6,7.805600834302508,0.6201927783705322
rock-n-roll,194,36.675257731958766,8.046459597126464,0.5133937779147714
idm,204,15.186274509803921,8.231891975416787,-1.8001901419533957
malay,198,29.732323232323232,8.391200174348299,-1.184296266288771
disney,192,27.908854166666668,8.494244266572725,-0.3286612059004506
anime,190,47.839473684210525,8.575950152105012,0.010461588449141452
chill,182,55.16208791208791,8.745298001744574,2.0437861620621622
indian,201,48.62686567164179,8.933348059636568,-0.14005804548477235
goth,177,27.675141242937855,8.992101951162496,-2.523552403426962
guitar,201,28.850746268656717,8.992511073915406,-1.7007876636842547
breakbeat,190,20.36842105263158,9.194304300088657,-0.25605290337007286
j-rock,223,40.84977578475336,9.418329703109178,0.83821069642006
opera,197,24.299492385786802,9.420422814070298,-0.45375232920230635
hardstyle,212,27.806603773584907,9.44643884953969,1.0578951412998685
dubstep,218,41.27522935779817,9.855786711394723,-0.9594397397292151
power-pop,204,26.794117647058822,9.915384671122041,-1.2442826455540101
drum-and-bass,196,27.596938775510203,10.010595764379884,0.07999577701311514
new-age,190,30.13684210526316,10.27005908421622,1.4807936100765915
punk-rock,211,37.35781990521327,10.2837966061831,-1.005169265462745
mandopop,190,44.247368421052634,10.456143658359982,-0.27005157082628317
sleep,174,33.867816091954026,10.740227723902667,-1.1947833773036605
cantopop,208,36.17788461538461,10.75685836182483,1.2306385949770966
club,208,33.57211538461539,10.900672348983969,-0.12576074377123092
r-n-b,166,39.73192771084337,11.132047005199677,0.30587633252382934
emo,209,48.29665071770335,11.197307719911214,-0.3632421165060979
dub,217,39.07834101382488,11.372996284698393,-1.4927212035277158
ambient,243,43.388888888888886,11.389574099017027,-0.6976273410266655
party,198,19.31313131313131,11.403262715595883,-3.5272314108377945
hardcore,219,36.321917808219176,11.467642895745369,-0.009387295679107942
trance,182,38.777472527472526,11.505651102615799,1.0169584341503803
study,211,25.848341232227487,11.533107951173049,-0.811753496048411
death-metal,217,30.951612903225808,11.944121411032638,-1.9539605819674424
children,209,33.56459330143541,11.95901384329636,-1.8161365134876322
show-tunes,187,29.72459893048128,12.166703906811874,-2.320694371055737
minimal-techno,199,32.595477386934675,12.363154582471063,-1.8538525092093592
deep-house,204,46.705882352941174,12.39772383823779,1.3521730575541255
piano,202,50.351485148514854,12.405087592309927,5.743512186332858
electronic,198,43.18939393939394,12.510928992608074,-1.4046020149305438
classical,162,17.48148148148148,12.681475226547569,3.47023728098389
french,204,41.68627450980392,12.745619154414038,0.3670976558429852
psych-rock,183,48.0,12.985419860624397,3.39114828076769
groove,236,39.58050847457627,13.19794381199475,0.37603631582311514
industrial,226,29.36283185840708,13.2086508354346,-3.4605735033535336
acoustic,206,43.55825242718446,13.388303134623714,1.5785982435541404
grunge,190,49.78421052631579,13.440060530216353,0.4636405863992393
garage,206,41.939320388349515,13.562930238491791,0.4310748687051734
punk,225,38.144444444444446,13.77562981833302,-0.8535868056712448
trip-hop,195,33.02307692307692,14.202106942226042,-0.08212073784092731
techno,197,38.20812182741117,14.44609816289991,-0.37542345649726494
hip-hop,177,40.536723163841806,14.98976724894993,1.725631187933639
progressive-house,198,47.03030303030303,15.06249992528355,-0.048344029598458224
latin,194,9.688144329896907,15.13522197301065,-0.4435146047773285
dancehall,185,35.821621621621624,15.146050944965124,0.2706996511412923
hard-rock,191,43.58115183246073,15.22792640083538,1.7097351995120107
spanish,191,38.01570680628272,15.245871107385343,-1.3401245841239466
metalcore,194,42.25773195876289,15.35537868796894,-1.5704375004238702
swedish,232,36.4698275862069,15.538260571403498,-1.4609386374517
j-pop,205,40.83658536585366,15.767278445799887,-0.47494940861906343
folk,180,42.455555555555556,15.792658965565716,4.656210293592507
rockabilly,216,28.881944444444443,16.22324747863132,-6.21126812019016
funk,202,35.366336633663366,16.342099248927543,-3.0258867924494535
disco,200,36.2775,16.479654313852535,1.6865609183080983
british,206,45.949029126213595,16.73605678535923,2.4441515467916415
latino,176,27.099431818181817,17.508557682878163,1.7449678695954844
jazz,190,15.74736842105263,17.62789911500849,-0.9745909706949781
german,194,28.353092783505154,18.01374850200067,-2.1394826180177104
blues,163,38.604294478527606,19.372461122196807,1.6054946138987012
synth-pop,203,35.54926108374384,19.42147908572656,-1.8380868145276033
reggae,192,21.361979166666668,20.03809414927702,-2.678875932002867
pop,159,55.39622641509434,20.13109673486974,2.113528469030951
reggaeton,185,23.88108108108108,20.144529526806735,-1.910180761144676
metal,213,41.082159624413144,20.409384990125794,-2.2541017326833246
songwriter,218,36.8348623853211,21.471386795919866,-3.792270151462577
singer-songwriter,218,36.8348623853211,21.471386795919866,-3.792270151462577
alt-rock,196,30.168367346938776,22.559686299511437,-5.8275403889607835
soul,188,21.018617021276597,22.63889112247899,-2.684341464179689
indie,180,36.888888888888886,22.792765598058093,-6.2255423183086815
indie-pop,196,40.19642857142857,23.05308954441033,-2.9500476101211612
country,183,16.59016393442623,23.365595088813702,-3.1697641197521214
alternative,211,21.07345971563981,25.351699346418318,-5.348960337002119
rock,185,16.02972972972973,26.37125756780052,-7.680913518549883
edm,187,35.9572192513369,29.475602762752253,-4.8060678069089935
house,166,39.24698795180723,30.737951764763654,-0.19527732809534404
dance,173,27.167630057803468,32.46459484908049,-3.3144936534677085
electro,194,32.595360824742265,32.89724691182052,-8.690442307048672
