genero_musical,familia
acoustic,0
afrobeat,4
alt-rock,3
alternative,3
ambient,1
anime,2
black-metal,10
bluegrass,0
blues,0
brazil,0
breakbeat,5
british,0
cantopop,0
chicago-house,2
children,0
chill,0
classical,1
club,2
comedy,7
country,0
dance,4
dancehall,4
death-metal,10
deep-house,2
detroit-techno,2
disco,4
disney,1
drum-and-bass,5
dub,3
dubstep,3
edm,4
electro,4
electronic,2
emo,3
folk,0
forro,4
french,0
funk,4
garage,3
german,0
gospel,0
goth,3
grindcore,10
groove,3
grunge,3
guitar,1
happy,5
hard-rock,3
hardcore,3
hardstyle,5
heavy-metal,3
hip-hop,4
honky-tonk,6
house,4
idm,9
indian,0
indie,0
indie-pop,0
industrial,3
iranian,9
j-dance,4
j-idol,3
j-pop,3
j-rock,3
jazz,6
k-pop,4
kids,4
latin,4
latino,4
malay,0
mandopop,0
metal,3
metalcore,3
minimal-techno,2
mpb,0
new-age,1
opera,6
pagode,8
party,4
piano,1
pop,0
pop-film,0
power-pop,3
progressive-house,3
psych-rock,0
punk,3
punk-rock,3
r-n-b,0
reggae,4
reggaeton,4
rock,3
rock-n-roll,0
rockabilly,0
romance,6
sad,0
salsa,0
samba,8
sertanejo,8
show-tunes,6
singer-songwriter,0
ska,4
sleep,1
songwriter,0
soul,0
spanish,4
study,9
swedish,0
synth-pop,4
tango,6
techno,2
trance,5
trip-hop,2
turkish,0
world-music,0
