variable,aumento_MAE,std
Modo musical,0.002442617818484649,0.0016379754267918502
Compás,0.0024723611519078758,0.0042281717343414325
Tonalidad,0.009163729532182429,0.005997766797388739
Presencia en vivo,0.02155824705455629,0.020146017746721683
Contenido explícito,0.023216126524680546,0.006307183600454114
Tempo (BPM),0.027950274553071707,0.008176848897715513
Positividad musical,0.045488620970153805,0.01248081042528929
Presencia de habla,0.07205270746398398,0.011317098048176254
Bailabilidad,0.08048654284978447,0.006228818086225679
Acusticidad,0.09542041088157874,0.015456420133029874
Energía,0.09967311890714078,0.0061456240708370295
Instrumentalidad,0.12474384585311996,0.02105016811613397
Volumen (dB),0.13343791328406632,0.01848688962800162
Duración (ms),0.1609635596603045,0.0225906412003764
Género musical (114 columnas),3.007415062729476,0.05329502928395376
Artista (target encoding),7.450615587660001,0.14158560109681234
