cluster,canciones,popularidad_media,pct_alto,pct_catalogo,macro_dominante,pct_macro_dominante,top_generos
0,8408,31.839973834443388,10.240247383444338,11.72010036241985,Infantil / Mundo / Otros,24.3220742150333,"romance, opera, show-tunes, cantopop"
1,10788,37.605533926585096,15.721171672228401,15.037635907443546,Electrónica / Dance,23.266592510196517,"heavy-metal, death-metal, metalcore, grunge"
2,4798,29.03136723634848,6.815339724885369,6.68804014496794,Clásica / Ambiental / Jazz,57.91996665277199,"new-age, classical, ambient, sleep"
3,9095,34.41478834524464,11.918636613523914,12.677725118483412,Rock / Alternativo,21.451346893897746,"hardstyle, happy, drum-and-bass, j-idol"
4,3880,34.33105670103093,12.11340206185567,5.4084192918873715,Electrónica / Dance,26.855670103092784,"dancehall, j-dance, kids, funk"
5,4560,35.42489035087719,6.206140350877193,6.3562865904655705,Brasileña,28.20175438596491,"pagode, sertanejo, samba, mpb"
6,13337,33.38565644447777,14.785933868186248,18.590744354613882,Electrónica / Dance,26.61768013796206,"disco, dance, forro, party"
7,7628,27.289459884635555,3.3953854221289985,10.63284081405074,Electrónica / Dance,57.82642894598846,"minimal-techno, detroit-techno, study, grindcore"
8,8508,33.743182886694875,10.143394452280207,11.859492612210762,Folk / Country / Acústico,17.3836389280677,"tango, honky-tonk, children, rock-n-roll"
9,738,23.39363143631436,0.5420054200542005,1.0287148034569278,Infantil / Mundo / Otros,94.17344173441734,"comedy, show-tunes, kids, children"
