macrogenero,n_generos,generos
Rock / Alternativo,17,"alt-rock, alternative, british, emo, garage, goth, grunge, hard-rock, indie, j-rock, power-pop, psych-rock, punk, punk-rock, rock, rock-n-roll, rockabilly"
Metal / Extremo,8,"black-metal, death-metal, grindcore, hardcore, heavy-metal, industrial, metal, metalcore"
Electrónica / Dance,23,"breakbeat, chicago-house, club, dance, deep-house, detroit-techno, disco, drum-and-bass, dub, dubstep, edm, electro, electronic, hardstyle, house, idm, j-dance, minimal-techno, party, progressive-house, techno, trance, trip-hop"
Pop,13,"anime, cantopop, chill, happy, indie-pop, j-idol, j-pop, k-pop, mandopop, pop, pop-film, sad, synth-pop"
Hip-hop / R&B / Soul,6,"funk, gospel, groove, hip-hop, r-n-b, soul"
Latino / Caribe,10,"afrobeat, dancehall, latin, latino, reggae, reggaeton, salsa, ska, spanish, tango"
Brasileña,6,"brazil, forro, mpb, pagode, samba, sertanejo"
Folk / Country / Acústico,9,"acoustic, bluegrass, blues, country, folk, guitar, honky-tonk, singer-songwriter, songwriter"
Clásica / Ambiental / Jazz,8,"ambient, classical, jazz, new-age, opera, piano, sleep, study"
Infantil / Mundo / Otros,14,"children, comedy, disney, french, german, indian, iranian, kids, malay, romance, show-tunes, swedish, turkish, world-music"
