modelo,balanceo,F1_macro,Accuracy,Balanced_acc,Recall_alto,F1_macro_std,segundos
Regresión logística,Sin balanceo,0.603597783569623,0.7259967009170568,0.5928032189986426,0.1970755866165086,0.005712294711098967,34.6
Regresión logística,class_weight,0.6170849667889914,0.6595623338508686,0.67891040926088,0.7391941069055937,0.0012357162360589668,35.9
Regresión logística,RUS,0.6167037048657084,0.6599247756562849,0.6763557685849686,0.7278634491512088,0.002183719476471542,16.0
Regresión logística,ROS,0.6151546227921548,0.6578199367510829,0.676852889508579,0.7362768259010037,0.0007421393368391599,45.5
Regresión logística,SMOTE,0.6203016539324208,0.664887117406352,0.6770585018601397,0.715954689065519,0.0015355814101733283,46.1
KNN,Sin balanceo,0.5300742159041129,0.6630471315478269,0.5264674028931676,0.12057003779991336,0.0014937975113300964,8.9
KNN,RUS,0.5210836960698954,0.5520769832076793,0.5861084810042371,0.6887698495634876,0.003543260753058421,4.3
KNN,ROS,0.5426083650223467,0.5806245309369964,0.5986335144542565,0.6536506419955468,0.0024625921134339332,13.4
KNN,SMOTE,0.5015390594394661,0.522539755944842,0.5877253824449187,0.783764840938676,0.0023675227290553998,16.9
Random Forest,Sin balanceo,0.6383134388391339,0.7430582732439382,0.6224439879572962,0.26373791321884416,0.0015890491767985208,22.3
Random Forest,class_weight,0.6638369540583673,0.7124616617734899,0.6968304494517454,0.6506938736932811,0.006074060681951443,20.6
Random Forest,RUS,0.6254073760274323,0.6653192563081873,0.6848205648539833,0.744300511123691,0.003406128157828735,7.0
Random Forest,ROS,0.671575700157666,0.7252021307019665,0.6877685945639996,0.576299850067509,0.005380370421997256,31.4
Random Forest,SMOTE,0.6671936842460187,0.721591873568271,0.6842991530414957,0.5736438118600286,0.005139898560881618,34.6
HistGradientBoosting,Sin balanceo,0.6414667214998356,0.740549256464066,0.626528029914482,0.2873678229189726,0.0037701084673496883,13.5
HistGradientBoosting,class_weight,0.6454402090257948,0.6896710405817764,0.6987499988590198,0.7271802919160751,0.0017501007517424744,21.2
HistGradientBoosting,RUS,0.628480820375802,0.6700306920085332,0.6875668756580327,0.7413217615358271,0.0032085654617967723,8.7
HistGradientBoosting,ROS,0.644276412450571,0.6890298599370018,0.6967486677563306,0.7212625382160159,0.0009390500567989034,17.4
HistGradientBoosting,SMOTE,0.6662886433558207,0.7327711479383877,0.668695868287502,0.47861478147723363,0.005304874531418733,21.2
HistGradientBoosting,SMOTENC,0.660048727902374,0.7315026572861755,0.6599549342768931,0.4479650697792877,0.0033529204155448773,350.5
